objectname,objectid,rating,numplays,weight,own,fortrade,want,wanttobuy,wanttoplay,prevowned,preordered,wishlist,wishlistpriority,wishlistcomment,comment,conditiontext,haspartslist,wantpartslist,collid,baverage,average,avgweight,rank,numowned,objecttype,originalname,minplayers,maxplayers,playingtime,maxplaytime,minplaytime,yearpublished,bggrecplayers,bggbestplayers,bggrecagerange,bgglanguagedependence,publisherid,imageid,year,language,other,itemtype,barcode,pricepaid,pp_currency,currvalue,cv_currency,acquisitiondate,acquiredfrom,quantity,privatecomment,invlocation,invdate,version_publishers,version_languages,version_yearpublished,version_nickname
"7 Wonders Duel","173346","8","0","0","0","0","0","0","0","1","0","0","3","","","","","","72190166","7.95093","8.07591","2.2271","24","185678","thing","7 Wonders Duel","2","2","30","30","30","2015","2","2","10+","No necessary in-game text","","","","","","standalone","","","","","","","","","","","","","","",""
"7 Wonders Duel: Agora","309116","6","0","0","0","0","0","0","0","1","0","0","3","","","","","","83974524","7.26423","8.05563","2.8657","0","24258","thing","7 Wonders Duel: Agora","2","2","30","30","30","2020","2","2","12+","No necessary in-game text","","","","","","expansion","","","","","","","","","","","","","","",""
"7 Wonders Duel: Pantheon","202976","8","0","0","0","0","0","0","0","1","0","0","3","","","","","","72609698","7.62356","7.99499","2.31","0","51560","thing","7 Wonders Duel: Pantheon","2","2","30","30","30","2016","2","2","10+","No necessary in-game text","","","","","","expansion","","","","","","","","","","","","","","",""
"The Anarchy","408637","0","0","0","1","0","0","0","0","0","0","0","3","","","","","","123775437","6.57782","8.38942","3.87","1150","4254","thing","The Anarchy","1","4","90","90","60","2025","1,2","1","14+","Some necessary text - easily memorized or small crib sheet","","","","","","standalone","","","","","","","","","","","","Garphill Games","English","2025","Garphill Games English edition"
"The Anarchy: Beer & Plunder Tiles","444857","0","0","0","1","0","0","0","0","0","0","0","3","","","","","","131873992","5.53017","7.53824","0","0","504","thing","The Anarchy: Beer & Plunder Tiles","1","4","90","90","60","2025","","","","","","","","","","expansion","","","","","","","","","","","","Garphill Games","English","2025","English edition"
"Arboretum","140934","8","0","0","0","0","0","0","0","1","0","0","3","","","","","","80867362","7.05862","7.24141","2.111","440","43377","thing","Arboretum","2","4","30","30","30","2015","2,3,4","2","10+","No necessary in-game text","","","","","","standalone","","","","","","","","","","","","","","",""
"Awkward Guests 2: The Berwick Cases","378477","0","0","0","1","0","0","0","0","0","0","0","3","","","","","","126100209","5.91162","7.73952","2.2727","3801","2408","thing","Awkward Guests 2: The Berwick Cases","2","2","40","40","30","2024","2","2","12+","No necessary in-game text","","","","","","standalone","","","","","","","","","","","","Megacorpin Games","English","2024","English edition"
"Awkward Guests: Awkward Secrets","284580","0","0","0","1","0","0","0","0","0","0","0","3","","","","","","126100220","5.55377","7.4581","2","0","542","thing","Awkward Guests: Awkward Secrets","2","8","75","75","45","2019","1,2,3,4,5,6","3,4,5","10+","","","","","","","expansion","","","","","","","","","","","","Megacorpin Games","English","2019","English edition"
"Awkward Guests: Kickstarter Stretch Goals Box","284597","0","0","0","1","0","0","0","0","0","0","0","3","","","","","","126100232","5.52605","6.17212","0","0","670","thing","Awkward Guests: Kickstarter Stretch Goals Box","2","8","75","75","45","2019","","","","","","","","","","expansion","","","","","","","","","","","","Megacorpin Games","English","2019","English edition"
"Awkward Guests: The Walton Case","188866","0","0","0","1","0","0","0","0","0","0","0","3","","","","","","126100194","7.0834","7.52445","2.3165","411","17291","thing","Awkward Guests: The Walton Case","1","8","75","75","45","2019","2,3,4,5,6","4","12+","Extensive use of text - massive conversion needed to be playable","","","","","","standalone","","","","","","","","","","","","Megacorpin Games","English","2019","English edition"
"Azul: Master Chocolatier","363247","0","0","0","1","0","0","0","0","0","0","0","3","","","","","","94415130","6.82665","7.85196","1.7865","726","8258","thing","Azul: Master Chocolatier","2","4","45","45","30","2022","2,3,4","2,3","8+","No necessary in-game text","","","","","","standalone","","","","","","","","","","","","","","",""
"Azul: Queen's Garden","346965","0","0","0","1","0","0","0","0","0","0","0","3","","","","","","122737426","6.85964","7.42545","2.9221","675","14039","thing","Azul: Queen's Garden","2","4","60","60","45","2021","2,3,4","2","12+","No necessary in-game text","","","","","","standalone","","","","","","","","","","","","","","",""
"Azul: Stained Glass of Sintra","256226","8","0","0","0","0","0","0","0","1","0","0","3","","","","","","69940266","6.99244","7.28138","2.0129","513","25466","thing","Azul: Stained Glass of Sintra","2","4","45","45","30","2018","2,3,4","3","8+","No necessary in-game text","","","","","","standalone","","","","","","","","","","","","","","",""
"Blueprints of Mad King Ludwig","376610","0","0","0","1","0","0","0","0","0","0","0","3","","","","","","115696180","5.88417","7.35121","2.8182","4020","1915","thing","Blueprints of Mad King Ludwig","1","5","60","60","60","2024","1,2,3,4,5","4","10+","","","","","","","standalone","","","","","","","","","","","","","","",""
"Camel Up","153938","8","0","0","1","0","0","0","0","0","0","0","3","","","","","","62626231","6.87556","7.02874","1.502","648","38036","thing","Camel Up","2","8","30","30","20","2014","3,4,5,6,7","4,5","8+","No necessary in-game text","","","","","","standalone","","","","","","","","","","","","","","",""
"Camel Up: Supercup","172380","0","0","0","1","0","0","0","0","0","0","0","3","","","","","","62627067","6.4432","7.33058","1.7241","0","9238","thing","Camel Up: Supercup","2","10","45","45","30","2015","3,4,5,6,7,8","5,6","8+","No necessary in-game text","","","","","","expansion","","","","","","","","","","","","","","",""
"Canasta","17104","0","0","0","1","0","0","0","0","0","0","0","3","","","","","","120489100","5.85113","6.44092","2.1351","4303","2246","thing","Canasta","2","6","45","45","45","1939","2,4","4","10+","No necessary in-game text","","","","","","standalone","","","","","","","","","","","","","","",""
"Cards Against Disney","333515","0","0","0","1","0","0","0","0","0","0","0","3","","","","","","80867264","5.49469","5.53359","1","27327","679","thing","Cards Against Disney","4","20","60","60","30","2018","","","","","","","","","","standalone","","","","","","","","","","","","","","",""
"Cards Against Humanity","50381","0","0","0","1","0","0","0","0","0","0","0","3","","","","","","62626419","5.53009","5.70023","1.1717","16742","56954","thing","Cards Against Humanity","4","30","30","30","30","2009","4,5,6,7,8,9,10","6,7,8","16+","Extensive use of text - massive conversion needed to be playable","","","","","","standalone","","","","","","","","","","","","","","",""
"Cascadia","295947","0","0","0","1","0","0","0","0","0","0","0","3","","","","","","102982236","7.73359","7.88603","1.8434","60","94397","thing","Cascadia","1","4","45","45","30","2021","1,2,3,4","2,3","8+","Some necessary text - easily memorized or small crib sheet","","","","","","standalone","","","","","","","","","","","","Alderac Entertainment Group; Flatout Games","English","2021","English edition"
"Cascadia: Kickstarter Promo Cards","343277","0","0","0","1","0","0","0","0","0","0","0","3","","","","","","102982251","6.06435","7.72918","1.9091","0","5397","thing","Cascadia: Kickstarter Promo Cards","1","4","45","45","30","2021","1,2,3,4","2,3","6+","Some necessary text - easily memorized or small crib sheet","","","","","","expansion","","","","","","","","","","","","Alderac Entertainment Group; Flatout Games","English","2021","English edition"
"The Castles of Burgundy","271320","9","0","0","1","0","0","0","0","0","0","0","3","","","","","","80867049","8.0143","8.45452","2.9128","0","31036","thing","The Castles of Burgundy","1","4","120","120","70","2019","1,2,3,4","2","12+","No necessary in-game text","","","","","","standalone","","","","","","","","","","","","","","",""
"Catan","13","7","0","0","1","0","0","0","0","0","0","0","3","","","","","","62626338","6.90222","7.09055","2.2813","625","242318","thing","Catan","3","4","120","120","60","1995","3,4","4","8+","Some necessary text - easily memorized or small crib sheet","","","","","","standalone","","","","","","","","","","","","","","",""
"Catan: 5-6 Player Expansion","2807","0","0","0","1","0","0","0","0","0","0","0","3","","","","","","62626348","6.68991","6.982","2.3105","0","56737","thing","Catan: 5-6 Player Expansion","5","6","120","120","120","1996","4,5,6","5","10+","Some necessary text - easily memorized or small crib sheet","","","","","","expansion","","","","","","","","","","","","","","",""
"Catan: Cities & Knights","926","6","0","0","1","0","0","0","0","0","0","0","3","","","","","","62626342","7.14903","7.45301","2.8964","0","49446","thing","Catan: Cities & Knights","3","4","150","150","90","1998","3,4","4","12+","Moderate in-game text - needs crib sheet or paste ups","","","","","","expansion","","","","","","","","","","","","","","",""
"Catan: Cities & Knights – 5-6 Player Extension","4101","0","0","0","1","0","0","0","0","0","0","0","3","","","","","","62626347","6.46273","7.15112","2.7439","0","14065","thing","Catan: Cities & Knights – 5-6 Player Extension","5","6","120","120","120","2000","4,5,6","6","12+","No necessary in-game text","","","","","","expansion","","","","","","","","","","","","","","",""
"Catan: Seafarers","325","6","0","0","1","0","0","0","0","0","0","0","3","","","","","","62626352","6.90918","7.16388","2.3746","0","52734","thing","Catan: Seafarers","3","4","90","90","90","1997","3,4","4","10+","Some necessary text - easily memorized or small crib sheet","","","","","","expansion","","","","","","","","","","","","","","",""
"Catan: Seafarers – 5-6 Player Extension","4103","0","0","0","1","0","0","0","0","0","0","0","3","","","","","","62626344","6.42679","7.00848","2.4201","0","15872","thing","Catan: Seafarers – 5-6 Player Extension","5","6","120","120","120","1999","5,6","5","8+","Some necessary text - easily memorized or small crib sheet","","","","","","expansion","","","","","","","","","","","","","","",""
"Cockroach Poker Royal","129736","0","0","0","1","0","0","0","0","0","0","0","3","","","","","","99688957","6.49834","7.0162","1.1406","1339","9785","thing","Cockroach Poker Royal","2","6","25","25","15","2012","3,4,5,6","4,5","8+","No necessary in-game text","","","","","","standalone","","","","","","","","","","","","","","",""
"Codenames","178900","0","0","0","1","0","0","0","0","0","0","0","3","","","","","","95806953","7.42734","7.52432","1.2542","161","181845","thing","Codenames","2","8","15","15","15","2015","4,5,6,7,8","6,8","10+","Unplayable in another language","","","","","","standalone","","","","","","","","","","","","","","",""
"Codenames: Duet","224037","8","0","0","1","0","0","0","0","0","0","0","3","","","","","","80867282","7.23309","7.40647","1.3592","275","56682","thing","Codenames: Duet","2","2","30","30","15","2017","2","2","12+","Unplayable in another language","","","","","","standalone","","","","","","","","","","","","","","",""
"Codex Naturalis","314503","0","0","0","0","0","0","0","1","0","0","0","3","","","","","","74343187","6.70763","7.21894","1.7628","907","13098","thing","Codex Naturalis","1","4","30","30","20","2021","2,3,4","2,3","8+","No necessary in-game text","","","","","","standalone","","","","","","","","","","","","","","",""
"Dead of Winter: A Crossroads Game","150376","7","0","0","1","0","0","0","0","0","0","0","3","","","","","","62628140","7.26953","7.43738","3.0149","255","69760","thing","Dead of Winter: A Crossroads Game","2","5","120","120","60","2014","3,4,5","4","12+","Extensive use of text - massive conversion needed to be playable","","","","","","standalone","","","","","","","","","","","","","","",""
"Dinosaur Island: Rawr 'n Write","318009","8","0","0","1","0","0","0","0","0","0","0","3","","","","","","86429173","6.89428","7.65045","2.8559","631","11533","thing","Dinosaur Island: Rawr 'n Write","1","4","45","45","30","2021","1,2,3,4","2","10+","Some necessary text - easily memorized or small crib sheet","","","","","","standalone","","","","","","2021-10-09","","","","","","Pandasaurus Games","English","2021","English edition"
"Dinosaur World","317457","7","0","0","1","0","0","0","0","0","0","0","3","","","","","","86429171","6.64467","7.3119","3.2733","1019","11572","thing","Dinosaur World","2","4","120","120","60","2021","1,2,3,4","3","12+","Moderate in-game text - needs crib sheet or paste ups","","","","","","standalone","","","","","","2021-10-09","","","","","","Pandasaurus Games","English","2021","English edition"
"Dinosaur World: Add On Pack","347524","0","0","0","1","0","0","0","0","0","0","0","3","","","","","","86429134","5.61392","7.96192","0","0","1423","thing","Dinosaur World: Add On Pack","1","4","120","120","60","2021","1,2,3,4","1","","","","","","","","expansion","","","","","","2021-10-09","","","","","","","","",""
"Dinosaur World: Hybrid Pack","321109","0","0","0","1","0","0","0","0","0","0","0","3","","","","","","86429091","5.68841","7.5855","3.5","0","3388","thing","Dinosaur World: Hybrid Pack","2","4","120","120","60","2021","","","12+","","","","","","","expansion","","","","","","2021-10-09","","","","","","","","",""
"Dinosaur World: Ice Age Pack","322383","0","0","0","1","0","0","0","0","0","0","0","3","","","","","","86429108","5.71134","7.75756","3.5","0","3351","thing","Dinosaur World: Ice Age Pack","2","4","120","120","60","2021","","","12+","","","","","","","expansion","","","","","","2021-10-09","","","","","","","","",""
"Dinosaur World: Recruiter Promo Card","342040","0","0","0","1","0","0","0","0","0","0","0","3","","","","","","86429116","5.56342","7.24608","4","0","1537","thing","Dinosaur World: Recruiter Promo Card","2","4","120","120","60","2021","","","","","","","","","","expansion","","","","","","2021-10-09","","","","","","","","",""
"Dinosaur World: Water Pack","321336","0","0","0","1","0","0","0","0","0","0","0","3","","","","","","86429099","5.6736","7.35005","3.75","0","3416","thing","Dinosaur World: Water Pack","2","4","120","120","60","2021","","","12+","","","","","","","expansion","","","","","","2021-10-09","","","","","","","","",""
"Dog Park","331401","0","0","0","1","0","0","0","0","0","0","0","3","","","","","","96911336","6.31232","6.87189","2.1618","1836","8957","thing","Dog Park","1","4","80","80","40","2022","1,2,3,4","3,4","10+","Moderate in-game text - needs crib sheet or paste ups","","","","","","standalone","","","","","","","","","","","2022-08-17","Birdwood Games","English","2022","English edition"
"Dog Park: European Dogs Expansion","346847","0","0","0","1","0","0","0","0","0","0","0","3","","","","","","96911346","5.67755","7.3588","2","0","2356","thing","Dog Park: European Dogs Expansion","1","4","80","80","40","2022","1,2,3,4","3","8+","Moderate in-game text - needs crib sheet or paste ups","","","","","","expansion","","","","","","","","","","","","","","",""
"Dog Park: Famous Dogs Expansion","346845","0","0","0","1","0","0","0","0","0","0","0","3","","","","","","96911342","5.67628","7.43427","2","0","2338","thing","Dog Park: Famous Dogs Expansion","1","4","80","80","40","2022","1,2,3,4","3","8+","Moderate in-game text - needs crib sheet or paste ups","","","","","","expansion","","","","","","","","","","","","","","",""
"Dominion","36218","0","0","0","0","0","0","0","0","1","0","0","3","","","","","","63709561","7.47412","7.59753","2.3444","146","131085","thing","Dominion","2","4","30","30","30","2008","2,3,4","3","10+","Moderate in-game text - needs crib sheet or paste ups","","","","","","standalone","","","","","","","","","","","","","","",""
"Endeavor: Deep Sea","367966","0","0","0","1","0","0","0","0","0","0","0","3","","","","","","122352952","7.68845","8.21499","2.9277","72","16533","thing","Endeavor: Deep Sea","1","4","120","120","60","2024","1,2,3,4","3","12+","Some necessary text - easily memorized or small crib sheet","","","","","","standalone","","","","","","","","","","","","Burnt Island Games; Grand Gamers Guild","English","2024","English edition"
"Ethnos","206718","8","0","0","1","0","0","0","0","0","0","0","3","","","","","","62626304","7.16434","7.45497","2.1091","339","16760","thing","Ethnos","2","6","60","60","45","2017","2,3,4,5,6","4","10+","Some necessary text - easily memorized or small crib sheet","","","","","","standalone","","","","","","","","","","","","","","",""
"EXIT: The Game – Dead Man on the Orient Express","226522","0","0","0","0","0","0","0","0","1","0","0","3","","","","","","94562740","6.9093","7.52628","2.6354","610","11264","thing","EXIT: The Game – Dead Man on the Orient Express","1","4","120","120","60","2017","1,2,3,4","2","12+","Unplayable in another language","","","","","","standalone","","","","","","","","","","","","","","",""
"Exploding Kittens: NSFW Edition","172242","0","0","0","1","0","0","0","0","0","0","0","3","","","","","","62629395","5.95814","6.23029","1.0823","3461","33268","thing","Exploding Kittens: NSFW Edition","2","5","20","20","10","2015","3,4,5","4,5","14+","Some necessary text - easily memorized or small crib sheet","","","","","","standalone","","","","","","","","","","","","","","",""
"A Fake Artist Goes to New York","135779","0","0","0","1","0","0","0","0","0","0","0","3","","","","","","106148450","6.79576","7.10315","1.0968","765","20904","thing","A Fake Artist Goes to New York","5","10","20","20","20","2011","5,6,7,8,9,10","6,7","8+","No necessary in-game text","","","","","","standalone","","","","","","","","","","","","","","",""
"Farms Race","395181","0","0","0","1","0","0","0","0","0","0","0","3","","","","","","119061963","5.72983","7.43392","2.3333","5809","981","thing","Farms Race","2","4","120","120","60","2024","3,4","3,4","10+","Some necessary text - easily memorized or small crib sheet","","","","","","standalone","","","","","","","","","","","","","","",""
"Fjords","322564","8","0","0","1","0","0","0","0","0","0","0","3","","","","","","94508141","6.00512","6.92615","1.5122","3162","3170","thing","Fjords","2","4","45","45","30","2022","2,3,4","2","8+","No necessary in-game text","","","","","","standalone","","","","","","2022-05-28","","","","","","Grail Games; Matagot","English; French","2022","English/French kickstarter edition"
"Flamme Rouge","199478","0","0","0","1","0","0","0","0","0","0","0","3","","","","","","122352954","7.21626","7.47643","1.7021","286","25805","thing","Flamme Rouge","2","4","45","45","30","2019","2,3,4","4","8+","No necessary in-game text","","","","","","standalone","","","","","","","","","","","","Lautapelit.fi; Stronghold Games","English","2019","English edition 2019"
"Fliptown","352418","0","0","0","1","0","0","0","0","0","0","0","3","","","","","","90616538","6.73874","7.75365","2.4","854","7036","thing","Fliptown","1","4","45","45","30","2023","1,2,3,4","1","10+","Some necessary text - easily memorized or small crib sheet","","","","","","standalone","","","","","","","","","","","","Write Stuff Games","English","2023","English edition"
"Game of Thrones: Westeros Intrigue","155693","6","0","0","1","0","0","0","0","0","0","0","3","","","","","","80867345","5.42945","5.33654","1.0714","30605","2908","thing","Game of Thrones: Westeros Intrigue","2","6","30","30","15","2014","3,4,5,6","6","8+","No necessary in-game text","","","","","","standalone","","","","","","","","","","","","","","",""
"Gloomhaven: Buttons & Bugs","393672","0","0","0","1","0","0","0","0","0","0","0","3","","","","","","119061959","6.71413","7.48065","3.3333","896","18131","thing","Gloomhaven: Buttons & Bugs","1","1","20","20","20","2024","1","1","14+","Extensive use of text - massive conversion needed to be playable","","","","","","standalone","","","","","","","","","","","","","","",""
"Gloomhaven: Jaws of the Lion","291457","0","0","0","1","0","0","0","0","0","0","0","3","","","","","","84808099","8.09278","8.35496","3.641","12","89669","thing","Gloomhaven: Jaws of the Lion","1","4","120","120","30","2020","1,2,3,4","2","12+","Extensive use of text - massive conversion needed to be playable","","","","","","standalone","","","","","","","","","","","","Cephalofair Games","English","2020","English edition"
"Good Dog, Bad Zombie","238182","7","0","0","1","0","0","0","0","0","0","0","3","","","","","","62626267","5.6059","7.23296","2","9176","631","thing","Good Dog, Bad Zombie","2","4","90","90","60","2018","1,2,3,4","4","","","","","","","","standalone","","","","","","","","","","","","","","",""
"Good Dog, Bad Zombie: Weird Smells","280689","0","0","0","1","0","0","0","0","0","0","0","3","","","","","","62626265","0","9.07692","0","0","158","thing","Good Dog, Bad Zombie: Weird Smells","2","4","90","90","60","2018","","","","","","","","","","expansion","","","","","","","","","","","","","","",""
"Good Dog, Bad Zombies: Unlikely Allies","299799","0","0","0","1","0","0","0","0","0","0","0","3","","","","","","80867316","0","9.33333","0","0","111","thing","Good Dog, Bad Zombies: Unlikely Allies","2","4","90","90","60","2018","","","","","","","","","","expansion","","","","","","","","","","","","","","",""
"Hadrian's Wall","304783","0","0","0","1","0","0","0","0","0","0","0","3","","","","","","106148472","7.40891","7.8697","3.1751","173","17802","thing","Hadrian's Wall","1","6","60","60","30","2021","1,2,3","1","12+","Some necessary text - easily memorized or small crib sheet","","","","","","standalone","","","","","","","","","","","","","","",""
"Hadrian's Wall: Actor","351916","0","0","0","1","0","0","0","0","0","0","0","3","","","","","","106361874","5.5775","8.11351","0","0","792","thing","Hadrian's Wall: Actor","1","6","60","60","30","2022","","","","No necessary in-game text","","","","","","expansion","","","","","","","","","","","","","","",""
"Hadrian's Wall: New Fates","369312","0","0","0","1","0","0","0","0","0","0","0","3","","","","","","106361871","5.57063","7.95672","0","0","786","thing","Hadrian's Wall: New Fates","1","6","60","0","60","2023","","","","","","","","","","expansion","","","","","","","","","","","","","","",""
"Harry Potter: Hogwarts Battle","199042","7","0","0","1","0","0","0","0","0","0","0","3","","","","","","62626857","7.04542","7.33092","2.0869","456","45934","thing","Harry Potter: Hogwarts Battle","2","4","60","60","30","2016","2,3,4","2,4","8+","Moderate in-game text - needs crib sheet or paste ups","","","","","","standalone","","","","","","","","","","","","","","",""
"Harry Potter: Hogwarts Battle – The Monster Box of Monsters Expansion","223494","0","0","0","1","0","0","0","0","0","0","0","3","","","","","","129813632","6.64684","7.58929","2.6406","0","16813","thing","Harry Potter: Hogwarts Battle – The Monster Box of Monsters Expansion","2","4","60","60","30","2017","2,3,4","2","10+","Moderate in-game text - needs crib sheet or paste ups","","","","","","expansion","","","","","","","","","","","","","","",""
"High Frontier 4 All","281655","0","0","0","0","0","0","0","0","0","0","0","3","","","","","","95711762","6.83858","8.34456","4.8193","708","6471","thing","High Frontier 4 All","1","5","240","240","30","2020","1,2,3,4","3","16+","Extensive use of text - massive conversion needed to be playable","","","","","","standalone","","","","","","","","","","","","Ion Game Design; Sierra Madre Games","English","2020","English edition, first printing"
"Kelp: Brilliant Behaviours Mini Expansion Set","405987","0","0","0","1","0","0","0","0","0","0","0","3","","","","","","122737388","5.64852","7.8649","2.25","0","3132","thing","Kelp: Brilliant Behaviours Mini Expansion Set","2","2","60","60","45","2024","2","2","12+","","","","","","","expansion","","","","","","","","","","","","Wonderbow Games","English","2024","English edition"
"Kelp: New Pursuits Mini Expansion","405986","0","0","0","1","0","0","0","0","0","0","0","3","","","","","","122737380","5.56666","7.42111","1.6667","0","1918","thing","Kelp: New Pursuits Mini Expansion","2","2","60","60","45","2024","2","2","8+","","","","","","","expansion","","","","","","","","","","","","Wonderbow Games","English","2024","English edition"
"Kelp: Shark vs Octopus","374595","0","0","0","1","0","0","0","0","0","0","0","3","","","","","","122737371","6.63521","7.48975","2.4545","1041","9121","thing","Kelp: Shark vs Octopus","2","2","60","60","40","2024","2","2","8+","Some necessary text - easily memorized or small crib sheet","","","","","","standalone","","","","","","","","","","","","Wonderbow Games","English","2024","English edition"
"Key Enigma: Calling Card","351622","0","0","0","1","0","0","0","0","0","0","0","3","","","","","","96367265","5.54211","7.22097","2","14459","246","thing","Key Enigma: Calling Card","1","6","960","960","480","2021","1,2","1","","","","","","","","standalone","","","","","","","","","","","","","","",""
"Key Enigma: Hack Forward","304983","0","0","0","1","0","0","0","0","0","0","0","3","","","","","","96367268","5.63359","7.97697","3","8038","501","thing","Key Enigma: Hack Forward","1","6","960","960","480","2021","1,2,3","2","14+","Extensive use of text - massive conversion needed to be playable","","","","","","standalone","","","","","","","","","","","","","","",""
"Key Enigma: Kalinasu Adventure","357928","0","0","0","1","0","0","0","0","0","0","0","3","","","","","","96367254","5.54264","7.50189","3","14374","221","thing","Key Enigma: Kalinasu Adventure","1","6","240","240","240","2022","1,2","1","14+","","","","","","","standalone","","","","","","","","","","","","","","",""
"Kill The Unicorns","204602","3","0","0","1","0","0","0","0","0","0","0","3","","","","","","63027097","5.72636","6.80708","1.7727","5862","2453","thing","Kill The Unicorns","3","6","45","45","25","2019","3,4,5,6","4,5","8+","Some necessary text - easily memorized or small crib sheet","","","","","","standalone","","","","","","","","","","","","","","",""
"Last Will","97842","0","0","0","1","0","0","0","0","0","0","0","3","","","","","","95718990","6.85841","7.16162","2.7157","677","12894","thing","Last Will","2","5","75","75","45","2011","2,3,4,5","4","12+","No necessary in-game text","","","","","","standalone","","","","","","","","","","","","","","",""
"Last Will: Getting Sacked","143063","0","0","0","1","0","0","0","0","0","0","0","3","","","","","","95718987","6.11709","7.52039","2.6744","0","4113","thing","Last Will: Getting Sacked","2","5","75","75","45","2013","2,3,4,5","4","10+","No necessary in-game text","","","","","","expansion","","","","","","","","","","","","","","",""
"Life of the Amazonia","368305","0","0","0","1","0","0","0","0","0","0","0","3","","","","","","108383881","7.02523","8.08456","2.8658","473","6862","thing","Life of the Amazonia","1","4","150","150","60","2023","1,2,3","2","10+","Some necessary text - easily memorized or small crib sheet","","","","","","standalone","","","","","","","","","","","","Bad Comet","English","2023","English edition"
"Love Letter","129622","0","0","0","1","0","0","0","0","0","0","0","3","","","","","","62628180","7.12263","7.22619","1.1844","370","118236","thing","Love Letter","2","4","20","20","20","2012","3,4","4","8+","Some necessary text - easily memorized or small crib sheet","","","","","","standalone","","","","","","","","","","","","","","",""
"Lovelace & Babbage","257056","5","0","0","1","0","0","0","0","0","0","0","3","","","","","","80867286","5.75978","6.65539","2.3333","5335","2039","thing","Lovelace & Babbage","2","4","30","30","15","2019","2,3,4","3","14+","","","","","","","standalone","","","","","","","","","","","","","","",""
"Micro City (Second Edition)","276779","6","0","0","1","0","0","0","0","0","0","0","3","","","","","","80867351","5.73045","6.62753","1.9655","5796","2186","thing","Micro City (Second Edition)","1","2","30","30","10","2020","1,2","1","10+","Some necessary text - easily memorized or small crib sheet","","","","","","standalone","","","","","","","","","","","","","","",""
"Mint Control","299249","0","0","0","1","0","0","0","0","0","0","0","3","","","","","","119061995","5.4819","5.4269","2.1667","29151","2793","thing","Mint Control","2","4","30","30","15","2020","3,4","4","10+","Moderate in-game text - needs crib sheet or paste ups","","","","","","standalone","","","","","","","","","","","","","","",""
"Mint Cooperative","282765","0","0","0","1","0","0","0","0","0","0","0","3","","","","","","80867384","5.62221","6.01127","1.95","8445","4721","thing","Mint Cooperative","1","4","30","30","15","2020","1,2,3,4","1,2","10+","Moderate in-game text - needs crib sheet or paste ups","","","","","","standalone","","","","","","","","","","","","","","",""
"Mint Delivery","230251","0","0","0","1","0","0","0","0","0","0","0","3","","","","","","80867381","5.81874","6.15445","1.6316","4618","8823","thing","Mint Delivery","1","5","30","30","15","2017","2,3,4,5","4","8+","No necessary in-game text","","","","","","standalone","","","","","","","","","","","","","","",""
"Mint Works","200077","0","0","0","1","0","0","0","0","0","0","0","3","","","","","","80867379","6.51166","6.88407","1.7308","1311","14985","thing","Mint Works","1","4","20","20","10","2017","1,2,3,4","3","8+","Some necessary text - easily memorized or small crib sheet","","","","","","standalone","","","","","","","","","","","","","","",""
"Mosaic: A Story of Civilization","329551","0","0","0","1","0","0","0","0","0","0","0","3","","","","","","99688918","6.80902","7.46003","3.0541","749","8890","thing","Mosaic: A Story of Civilization","2","6","120","120","120","2022","3,4,5","4","12+","Moderate in-game text - needs crib sheet or paste ups","","","","","","standalone","","","","","","","","","","","","","","",""
"Munchkin","1927","0","0","0","0","0","0","0","0","1","0","0","3","","","","","","80867063","5.69284","5.87446","1.8182","6497","103572","thing","Munchkin","3","6","120","120","60","2001","3,4,5,6","4","10+","Extensive use of text - massive conversion needed to be playable","","","","","","standalone","","","","","","","","","","","","","","",""
"Obsession","231733","9","0","0","1","0","0","0","0","0","0","0","3","","","","","","64967340","7.71898","8.0744","3.1141","67","26097","thing","Obsession","1","4","90","90","30","2018","1,2,3,4","2","12+","Moderate in-game text - needs crib sheet or paste ups","","","","","","standalone","","","","","","","","","","","","","","",""
"Obsession: Characters Expansion","397067","0","0","0","1","0","0","0","0","0","0","0","3","","","","","","124129716","6.00013","8.38523","3.6","0","5114","thing","Obsession: Characters Expansion","1","6","180","180","30","2024","1,2,3","1,2","","Moderate in-game text - needs crib sheet or paste ups","","","","","","expansion","","","","","","","","","","","","Kayenta Games","English","2024","English 1P edition"
"Obsession: Promotional Cards","284466","0","0","0","1","0","0","0","0","0","0","0","3","","","","","","80866979","5.80163","8.20589","3.5","0","1825","thing","Obsession: Promotional Cards","1","4","90","90","30","2019","","","","","","","","","","expansion","","","","","","","","","","","","","","",""
"Obsession: Promotional Tiles","306634","0","0","0","1","0","0","0","0","0","0","0","3","","","","","","80866982","6.08332","8.1442","3.7143","0","5992","thing","Obsession: Promotional Tiles","1","4","120","120","30","2020","1,2,3","2","14+","Some necessary text - easily memorized or small crib sheet","","","","","","expansion","","","","","","","","","","","","","","",""
"Obsession: Upstairs, Downstairs","279067","8","0","0","1","0","0","0","0","0","0","0","3","","","","","","64967348","6.95696","8.58599","3.56","0","11798","thing","Obsession: Upstairs, Downstairs","1","6","90","90","30","2020","1,2,3,4","2,3","12+","Some necessary text - easily mercurized or small crib sheet","","","","","","expansion","","","","","","","","","","","","","","",""
"Obsession: Useful Box","338349","0","0","0","1","0","0","0","0","0","0","0","3","","","","","","90046607","5.86067","8.41429","2.5","0","2329","thing","Obsession: Useful Box","1","6","90","90","30","2021","1,2","2","","","","","","","","expansion","","","","","","","","","","","","","","",""
"Obsession: Wessex Expansion","245392","0","0","0","1","0","0","0","0","0","0","0","3","","","","","","64967353","6.71534","8.32388","3.2","0","10835","thing","Obsession: Wessex Expansion","1","4","90","90","30","2018","1,2,3","2","12+","Some necessary text - easily memorized or small crib sheet","","","","","","expansion","","","","","","","","","","","","","","",""
"OrganATTACK!","201406","0","0","0","1","0","0","0","0","0","0","0","3","","","","","","62629401","5.7031","6.29993","1.5455","6292","4095","thing","OrganATTACK!","2","6","15","15","15","2016","2,3,4,5,6","4,5,6","8+","Moderate in-game text - needs crib sheet or paste ups","","","","","","standalone","","","","","","","","","","","","","","",""
"Oros","313807","0","0","0","1","0","0","0","0","0","0","0","3","","","","","","84398854","6.15062","7.18219","3.3256","2440","4578","thing","Oros","1","4","120","120","60","2023","3,4","3","12+","Some necessary text - easily memorized or small crib sheet","","","","","","standalone","","","","","","","","","","","","","","",""
"Pandemic Legacy: Season 1","161936","0","0","0","1","0","0","0","0","0","0","0","3","","","","","","80867174","8.34487","8.50148","2.8281","3","89657","thing","Pandemic Legacy: Season 1","2","4","60","60","60","2015","2,3,4","4","12+","Extensive use of text - massive conversion needed to be playable","","","","","","standalone","","","","","","","","","","","","","","",""
"Pandemic Legacy: Season 2","221107","0","0","0","1","0","0","0","0","0","0","0","3","","","","","","80867180","7.68686","8.00947","3.2457","74","34927","thing","Pandemic Legacy: Season 2","2","4","60","60","60","2017","2,3,4","4","12+","Extensive use of text - massive conversion needed to be playable","","","","","","standalone","","","","","","","","","","","","","","",""
"Pandemic: Contagion","157789","7","0","0","1","0","0","0","0","0","0","0","3","","","","","","80867171","6.02183","6.40191","1.9065","3077","8759","thing","Pandemic: Contagion","2","5","30","30","30","2014","3,4,5","4,5","10+","Moderate in-game text - needs crib sheet or paste ups","","","","","","standalone","","","","","","","","","","","","","","",""
"Point Galaxy","431998","0","0","0","1","0","0","0","0","0","0","0","3","","","","","","135616356","6.05865","7.1123","1.963","2892","4282","thing","Point Galaxy","1","5","30","30","15","2025","1,2,3,4","3","10+","No necessary in-game text","","","","","","standalone","","","","","","","","","","","","Flatout Games","English","2025","English edition"
"Point Galaxy: Rocket Tokens Mini-Expansion","451344","0","0","0","1","0","0","0","0","0","0","0","3","","","","","","135643927","5.56024","7.34878","2","0","860","thing","Point Galaxy: Rocket Tokens Mini-Expansion","1","5","30","30","15","2025","","","","","","","","","","expansion","","","","","","","","","","","","","","",""
"Polite Society: The Jane Austen Board Game","231878","8","0","0","1","0","0","0","0","0","0","0","3","","","","","","62626361","5.54745","6.82547","1.6667","13681","264","thing","Polite Society: The Jane Austen Board Game","2","5","30","30","30","2018","2,3,4,5","4,5","","","","","","","","standalone","","","","","","","","","","","","","","",""
"Propolis","431994","0","0","0","1","0","0","0","0","0","0","0","3","","","","","","135643928","6.05227","7.08145","2.0784","2927","4289","thing","Propolis","1","4","30","30","15","2025","1,2,3,4","3","10+","No necessary in-game text","","","","","","standalone","","","","","","","","","","","","","","",""
"Propolis: Structural Diversity","451345","0","0","0","1","0","0","0","0","0","0","0","3","","","","","","135643929","5.54877","7.32903","1.8","0","766","thing","Propolis: Structural Diversity","1","4","30","30","15","2025","1,2,3","2,3","","","","","","","","expansion","","","","","","","","","","","","","","",""
"Raiders of Scythia","301880","0","0","0","1","0","0","0","0","0","0","0","3","","","","","","131874049","7.09243","7.68826","2.7754","401","13507","thing","Raiders of Scythia","1","4","80","80","60","2020","1,2,3,4","3","12+","Moderate in-game text - needs crib sheet or paste ups","","","","","","standalone","","","","","","","","","","","","Garphill Games","English","2020","Garphill English deluxe edition"
"Raiders of Scythia: Huntress & Stableman","325378","0","0","0","1","0","0","0","0","0","0","0","3","","","","","","131874058","5.57172","7.55122","0","0","825","thing","Raiders of Scythia: Huntress & Stableman","1","4","80","80","60","2021","1,2,3,4","1,2,3","","","","","","","","expansion","","","","","","","","","","","","Garphill Games","English","2021","English edition"
"Railroad Ink Challenge: Lush Green Edition","306881","8","0","0","1","0","0","0","0","0","0","0","3","","","","","","81308200","6.77476","7.56006","2.0972","796","10828","thing","Railroad Ink Challenge: Lush Green Edition","1","4","30","30","15","2021","1,2,3,4","2","10+","No necessary in-game text","","","","","","standalone","","","","","","","","","","","","Horrible Guild","English","2021","English edition"
"Railroad Ink Challenge: Shining Yellow Edition","306882","7","0","0","1","0","0","0","0","0","0","0","3","","","","","","81308210","6.40354","7.43542","2","1584","7293","thing","Railroad Ink Challenge: Shining Yellow Edition","1","4","30","30","15","2021","1,2,3,4","2","8+","No necessary in-game text","","","","","","standalone","","","","","","","","","","","","Horrible Guild","English","2021","English edition"
"Railroad Ink: Arcade Expansion Pack","320731","0","0","0","1","0","0","0","0","0","0","0","3","","","","","","81308217","5.61973","6.93005","2","0","2997","thing","Railroad Ink: Arcade Expansion Pack","1","4","30","30","15","2021","2","2","","No necessary in-game text","","","","","","expansion","","","","","","","","","","","","Horrible Guild","English","2021","English edition"
"Railroad Ink: Eldritch Expansion Pack","320730","0","0","0","1","0","0","0","0","0","0","0","3","","","","","","81308224","5.71064","7.43137","2.5","0","3324","thing","Railroad Ink: Eldritch Expansion Pack","1","4","30","30","15","2021","1,4","4","","","","","","","","expansion","","","","","","","","","","","","Horrible Guild","English","2021","English edition"
"Railroad Ink: Engineer Expansion Pack","320734","0","0","0","1","0","0","0","0","0","0","0","3","","","","","","81308242","5.73818","7.5856","2","0","3043","thing","Railroad Ink: Engineer Expansion Pack","1","4","30","30","15","2021","1,2,3,4","2,3,4","","","","","","","","expansion","","","","","","","","","","","","Horrible Guild","English","2021","English edition"
"Railroad Ink: Underground Expansion Pack","320732","0","0","0","1","0","0","0","0","0","0","0","3","","","","","","81308213","5.64818","7.45212","2.5","0","3023","thing","Railroad Ink: Underground Expansion Pack","1","4","30","30","15","2021","1","1","","No necessary in-game text","","","","","","expansion","","","","","","","","","","","","Horrible Guild","English","2021","English edition"
"Rival Restaurants","262114","6","0","0","1","0","0","0","0","0","0","0","3","","","","","","80867167","6.20825","7.54148","2.2093","2215","4552","thing","Rival Restaurants","2","6","60","60","45","2019","3,4,5,6","4,5","10+","Some necessary text - easily memorized or small crib sheet","","","","","","standalone","","","","","","","","","","","","","","",""
"Rocketmen","283387","0","0","0","1","0","0","0","0","0","0","0","3","","","","","","81069106","6.04616","6.74007","2.5119","2964","3764","thing","Rocketmen","1","4","90","90","30","2021","1,2,3,4","3","12+","Moderate in-game text - needs crib sheet or paste ups","","","","","","standalone","","","","","","","","","","","","","","",""
"Rocketmen: Target – Jupiter","427670","0","0","0","1","0","0","0","0","0","0","0","3","","","","","","128406267","5.54173","7.82269","0","0","299","thing","Rocketmen: Target – Jupiter","1","4","0","0","0","2024","3,4","4","","","","","","","","expansion","","","","","","","","","","","","PHALANX","English","2024","English edition"
"Rummikub","811","0","0","0","1","0","0","0","0","0","0","0","3","","","","","","80867218","6.33722","6.52634","1.7047","1760","50422","thing","Rummikub","2","4","60","60","60","1950","2,3,4","4","8+","No necessary in-game text","","","","","","standalone","","","","","","","","","","","","","","",""
"Sagrada","199561","8","0","0","1","0","0","0","0","0","0","0","3","","","","","","80867074","7.32552","7.46885","1.9196","227","81945","thing","Sagrada","1","4","45","45","30","2017","1,2,3,4","2","8+","Some necessary text - easily memorized or small crib sheet","","","","","","standalone","","","","","","","","","","","","","","",""
"Sagrada: 5-6 Player Expansion","244262","4","0","0","1","0","0","0","0","0","0","0","3","","","","","","80867076","6.77908","7.69511","2.1081","0","17467","thing","Sagrada: 5-6 Player Expansion","5","6","40","40","20","2018","2,3,4,5,6","3","10+","Some necessary text - easily memorized or small crib sheet","","","","","","expansion","","","","","","","","","","","","","","",""
"SCOUT","291453","0","0","0","1","0","0","0","0","0","0","0","3","","","","","","106148454","7.57851","7.78156","1.3866","109","56288","thing","SCOUT","2","5","20","20","20","2019","3,4,5","4","8+","No necessary in-game text","","","","","","standalone","","","","","","","","","","","","","","",""
"Scrabble","320","0","0","0","1","0","0","0","0","0","0","0","3","","","","","","80867425","6.15087","6.27502","2.0521","2438","72259","thing","Scrabble","2","4","90","90","90","1948","2,3,4","2","10+","Unplayable in another language","","","","","","standalone","","","","","","","","","","","","","","",""
"Secret Hitler","188834","0","0","0","1","0","0","0","0","0","0","0","3","","","","","","80867210","7.24852","7.4834","1.7404","267","52144","thing","Secret Hitler","5","10","45","45","45","2016","6,7,8,9,10","8,10","14+","Some necessary text - easily memorized or small crib sheet","","","","","","standalone","","","","","","","","","","","","","","",""
"Sequence","2375","0","0","0","0","0","0","0","0","1","0","0","3","","","","","","80867418","5.9784","6.18887","1.3055","3327","30004","thing","Sequence","2","12","30","30","10","1982","2,3,4,6","3,4","6+","No necessary in-game text","","","","","","standalone","","","","","","","","","","","","","","",""
"SHASN","257305","0","0","0","1","0","0","0","0","0","0","0","3","","","","","","80320342","5.82734","7.32603","2.9286","4529","1784","thing","SHASN","3","5","120","120","90","2021","2,3,4,5","4","12+","Extensive use of text - massive conversion needed to be playable","","","","","","standalone","","","","","","","","","","","","","","",""
"Sherlock Holmes Consulting Detective: The Thames Murders & Other Cases","2511","6","0","0","1","0","0","0","0","0","0","0","3","","","","","","80867053","7.35969","7.60115","2.6643","207","45135","thing","Sherlock Holmes Consulting Detective: The Thames Murders & Other Cases","1","8","120","120","60","1981","1,2,3,4","2","14+","Unplayable in another language","","","","","","standalone","","","","","","","","","","","","","","",""
"Sid Meier's Civilization: The Board Game","77130","5","0","0","0","0","0","0","0","1","0","0","3","","","","","","80867143","7.06324","7.36861","3.8982","433","22641","thing","Sid Meier's Civilization: The Board Game","2","4","240","240","120","2010","2,3,4","4","14+","Extensive use of text - massive conversion needed to be playable","","","","","","standalone","","","","","","","","","","","","","","",""
"Smartphone Inc.","246684","6","0","0","1","0","0","0","0","0","0","0","3","","","","","","80867088","7.04855","7.5569","2.8148","450","10515","thing","Smartphone Inc.","1","5","90","90","60","2018","3,4,5","5","12+","Some necessary text - easily memorized or small crib sheet","","","","","","standalone","","","","","","","","","","","","","","",""
"Smartphone Inc.: Update 1.1","306864","0","0","0","1","0","0","0","0","0","0","0","3","","","","","","80867093","6.06386","7.79712","2.9","0","3817","thing","Smartphone Inc.: Update 1.1","1","5","90","90","60","2020","1,2,3,4,5","3,5","12+","Some necessary text - easily memorized or small crib sheet","","","","","","expansion","","","","","","","","","","","","","","",""
"Splendor","148228","9","0","0","1","0","0","0","0","0","0","0","3","","","","","","62626249","7.29282","7.42079","1.7737","245","139839","thing","Splendor","2","4","30","30","30","2014","2,3,4","3","8+","No necessary in-game text","","","","","","standalone","","","","","","","","","","","","","","",""
"Splendor: Cities of Splendor","220653","6","0","0","1","0","0","0","0","0","0","0","3","","","","","","62626245","6.69495","7.32392","2.1538","0","18938","thing","Splendor: Cities of Splendor","2","4","30","30","30","2017","2,3,4","3","8+","No necessary in-game text","","","","","","expansion","","","","","","","","","","","","","","",""
"Startups","223770","0","0","0","1","0","0","0","0","0","0","0","3","","","","","","106148448","6.71611","7.17762","1.5814","893","12899","thing","Startups","3","7","20","20","20","2017","3,4,5","4","10+","No necessary in-game text","","","","","","standalone","","","","","","","","","","","","","","",""
"Stramash","188527","9","0","0","0","0","0","0","0","1","0","0","3","","","","","","80867389","5.52356","6.88511","1.3333","18424","86","thing","Stramash","2","6","90","90","30","2011","2,3,4","4","6+","","","","","","","standalone","","","","","","","","","","","","","","",""
"Sushi Go Party!","192291","9","0","0","1","0","0","0","0","0","0","0","3","","","","","","62626429","7.21625","7.37086","1.3245","287","76037","thing","Sushi Go Party!","2","8","20","20","20","2016","3,4,5,6,7,8","4,5","8+","Some necessary text - easily memorized or small crib sheet","","","","","","standalone","","","","","","","","","","","","","","",""
"Terraforming Mars","167791","10","0","0","1","0","0","0","0","0","0","0","3","","","","","","62627448","8.18195","8.33301","3.273","9","160908","thing","Terraforming Mars","1","5","120","120","120","2016","1,2,3,4","3","12+","Extensive use of text - massive conversion needed to be playable","","","","","","standalone","","","","","","","","","","","","","","",""
"Terraforming Mars: Amazonis Planitia – Big Board Edition","401513","0","0","0","1","0","0","0","0","0","0","0","3","","","","","","122737437","5.64979","8.22287","3","0","1313","thing","Terraforming Mars: Amazonis Planitia – Big Board Edition","4","5","0","0","0","2024","3,4,5","4","12+","No necessary in-game text","","","","","","expansion","","","","","","","","","","","","","","",""
"Terraforming Mars: Ares Expedition","328871","10","0","0","1","0","0","0","0","0","0","0","3","","","","","","86040371","7.36963","7.63152","2.9208","194","40371","thing","Terraforming Mars: Ares Expedition","1","4","60","60","45","2021","1,2,3,4","3","12+","Moderate in-game text - needs crib sheet or paste ups","","","","","","standalone","","","","","","2021-09-27","","","","","","FryxGames; Stronghold Games","English","2021","English Kickstarter edition"
"Terraforming Mars: Ares Expedition – Crisis","358738","0","0","0","1","0","0","0","0","0","0","0","3","","","","","","108609643","6.04609","7.8702","2.625","0","4517","thing","Terraforming Mars: Ares Expedition – Crisis","1","4","60","60","60","2023","1,2,3,4","1","10+","Extensive use of text - massive conversion needed to be playable","","","","","","expansion","","","","","","","","","","","","","","",""
"Terraforming Mars: Ares Expedition – Discovery","358739","0","0","0","1","0","0","0","0","0","0","0","3","","","","","","108609644","6.04773","7.96136","2.7","0","4325","thing","Terraforming Mars: Ares Expedition – Discovery","1","4","60","60","60","2023","1,2,3,4","2,3","12+","Moderate in-game text - needs crib sheet or paste ups","","","","","","expansion","","","","","","","","","","","","","","",""
"Terraforming Mars: Ares Expedition – Discovery · Foundations · Crisis","358741","0","0","0","1","0","0","0","0","0","0","0","3","","","","","","108609656","6.00708","8.02223","2.8333","0","4184","thing","Terraforming Mars: Ares Expedition – Discovery · Foundations · Crisis","1","6","60","60","60","2023","1,2,3,4,5,6","3,4","8+","Extensive use of text - massive conversion needed to be playable","","","","","","expansion","","","","","","","","","","","","","","",""
"Terraforming Mars: Ares Expedition – Foundations","358740","0","0","0","1","0","0","0","0","0","0","0","3","","","","","","108609648","5.74384","7.51707","2.5","0","3097","thing","Terraforming Mars: Ares Expedition – Foundations","1","6","60","60","60","2023","2,3,4,5,6","2,4","12+","Moderate in-game text - needs crib sheet or paste ups","","","","","","expansion","","","","","","","","","","","","","","",""
"Terraforming Mars: Ares Expedition – Promo Cards","344634","0","0","0","1","0","0","0","0","0","0","0","3","","","","","","86040383","5.83767","7.75868","2.9","0","2993","thing","Terraforming Mars: Ares Expedition – Promo Cards","1","4","60","60","45","2021","1,2,3,4","3","12+","Moderate in-game text - needs crib sheet or paste ups","","","","","","expansion","","","","","","2021-09-27","","","","","","FryxGames; Stronghold Games","English","2021","English edition"
"Terraforming Mars: Ares Expedition – Promo Cards #2","371070","0","0","0","1","0","0","0","0","0","0","0","3","","","","","","108609652","5.62508","7.73884","2","0","1472","thing","Terraforming Mars: Ares Expedition – Promo Cards #2","1","4","60","60","60","2023","2,3,4","2,3","8+","Extensive use of text - massive conversion needed to be playable","","","","","","expansion","","","","","","","","","","","","","","",""
"Terraforming Mars: Atmo Collectors Promo Card","265081","0","0","0","1","0","0","0","0","0","0","0","3","","","","","","80867026","5.69815","7.88773","3.1429","0","1401","thing","Terraforming Mars: Atmo Collectors Promo Card","1","5","120","120","120","2018","1,2,3,4","3","12+","Moderate in-game text - needs crib sheet or paste ups","","","","","","expansion","","","","","","","","","","","","","","",""
"Terraforming Mars: Automa","395612","0","0","0","1","0","0","0","0","0","0","0","3","","","","","","122352972","6.04181","8.43495","3.1333","0","5088","thing","Terraforming Mars: Automa","1","1","0","0","0","2024","1","1","14+","Moderate in-game text - needs crib sheet or paste ups","","","","","","expansion","","","","","","","","","","","","FryxGames; Stronghold Games","English","2024","English edition"
"Terraforming Mars: BGG User-Created Corporation Pack","241497","0","0","0","1","0","0","0","0","0","0","0","3","","","","","","69580237","6.18258","7.97928","3.0556","0","5242","thing","Terraforming Mars: BGG User-Created Corporation Pack","1","5","120","120","120","2018","1,2,3,4","3","14+","Extensive use of text - massive conversion needed to be playable","","","","","","expansion","","","","","","","","","","","","","","",""
"Terraforming Mars: Big Box","311247","0","0","0","1","0","0","0","0","0","0","0","3","","","","","","83455905","6.95132","8.33066","2.0645","0","11563","thing","Terraforming Mars: Big Box","1","5","120","120","120","2021","","2,3","12+","Moderate in-game text - needs crib sheet or paste ups","","","","","","expansion","","","","","","","","","","","","","","",""
"Terraforming Mars: Big Box Promos","312319","0","0","0","1","0","0","0","0","0","0","0","3","","","","","","83455910","6.03939","8.16201","2.9091","0","4755","thing","Terraforming Mars: Big Box Promos","1","5","120","120","120","2021","1,2,3,4","3","12+","Extensive use of text - massive conversion needed to be playable","","","","","","expansion","","","","","","","","","","","","","","",""
"Terraforming Mars: Colonies","255681","8","0","0","1","0","0","0","0","0","0","0","3","","","","","","80866989","7.47615","8.10449","2.9907","0","32192","thing","Terraforming Mars: Colonies","1","5","120","120","120","2018","1,2,3,4,5","3","12+","Extensive use of text - massive conversion needed to be playable","","","","","","expansion","","","","","","","","","","","","","","",""
"Terraforming Mars: Hellas & Elysium","218127","10","0","0","1","0","0","0","0","0","0","0","3","","","","","","69580240","7.85169","8.37641","2.7722","0","40709","thing","Terraforming Mars: Hellas & Elysium","1","5","120","120","90","2017","1,2,3,4,5","3","12+","No necessary in-game text","","","","","","expansion","","","","","","","","","","","","","","",""
"Terraforming Mars: Jovian Lanterns Promo Card","265083","0","0","0","1","0","0","0","0","0","0","0","3","","","","","","80867036","5.70307","7.82247","3.125","0","1362","thing","Terraforming Mars: Jovian Lanterns Promo Card","1","5","120","120","120","2018","1,2,3,4","3","12+","Moderate in-game text - needs crib sheet or paste ups","","","","","","expansion","","","","","","","","","","","","","","",""
"Terraforming Mars: Penguins Promo Card","230241","0","0","0","1","0","0","0","0","0","0","0","3","","","","","","80867010","6.36251","7.99912","3.0667","0","7182","thing","Terraforming Mars: Penguins Promo Card","1","5","120","120","90","2017","1,2,3,4,5","3","12+","Moderate in-game text - needs crib sheet or paste ups","","","","","","expansion","","","","","","","","","","","","","","",""
"Terraforming Mars: Prelude","247030","10","0","0","1","0","0","0","0","0","0","0","3","","","","","","69580238","8.41343","8.84779","2.5592","0","53582","thing","Terraforming Mars: Prelude","1","5","120","120","90","2018","1,2,3,4,5","3","12+","Moderate in-game text - needs crib sheet or paste ups","","","","","","expansion","","","","","","","","","","","","","","",""
"Terraforming Mars: Prelude 2","387809","0","0","0","1","0","0","0","0","0","0","0","3","","","","","","122352963","6.51887","8.43928","2.2857","0","8811","thing","Terraforming Mars: Prelude 2","1","5","120","120","90","2024","1,2,3,4,5","3","10+","Extensive use of text - massive conversion needed to be playable","","","","","","expansion","","","","","","","","","","","","FryxGames; Stronghold Games","English","2024","English edition"
"Terraforming Mars: Self-Replicating Robots Promo Card","230123","0","0","0","1","0","0","0","0","0","0","0","3","","","","","","69580233","6.20244","7.74347","3.2","0","6435","thing","Terraforming Mars: Self-Replicating Robots Promo Card","1","5","90","90","90","2017","1,2,3,4","3","12+","Moderate in-game text - needs crib sheet or paste ups","","","","","","expansion","","","","","","","","","","","","","","",""
"Terraforming Mars: Small Asteroid Promo Card","202825","0","0","0","1","0","0","0","0","0","0","0","3","","","","","","69580228","6.29438","7.80044","3","0","7147","thing","Terraforming Mars: Small Asteroid Promo Card","1","5","120","120","90","2016","1,2,3,4","3","12+","Moderate in-game text - needs crib sheet or paste ups","","","","","","expansion","","","","","","","","","","","","","","",""
"Terraforming Mars: Snow Algae Promo Card","226297","0","0","0","1","0","0","0","0","0","0","0","3","","","","","","69580230","6.25497","7.83605","2.9167","0","7049","thing","Terraforming Mars: Snow Algae Promo Card","1","5","120","120","90","2017","1,2,3,4","3","12+","Moderate in-game text - needs crib sheet or paste ups","","","","","","expansion","","","","","","","","","","","","","","",""
"Terraforming Mars: The Dice Game","296108","0","0","0","1","0","0","0","0","0","0","0","3","","","","","","115696153","6.63891","7.30971","2.4088","1035","10432","thing","Terraforming Mars: The Dice Game","1","4","45","45","45","2023","1,2,3,4","2","12+","Some necessary text - easily memorized or small crib sheet","","","","","","standalone","","","","","","","","","","","","","","",""
"Terraforming Mars: The Dice Game – Promos","380939","0","0","0","1","0","0","0","0","0","0","0","3","","","","","","115696161","5.6025","7.57045","2.2","0","1275","thing","Terraforming Mars: The Dice Game – Promos","1","4","45","45","45","2023","2,3,4","3","10+","Some necessary text - easily memorized or small crib sheet","","","","","","expansion","","","","","","","","","","","","","","",""
"Terraforming Mars: Turmoil","273473","10","0","0","1","0","0","0","0","0","0","0","3","","","","","","69580234","6.84311","7.47337","3.6814","0","26284","thing","Terraforming Mars: Turmoil","1","5","150","150","150","2019","1,2,3,4,5","3","12+","Extensive use of text - massive conversion needed to be playable","","","","","","expansion","","","","","","","","","","","","","","",""
"Terraforming Mars: Turmoil Promos","279345","0","0","0","1","0","0","0","0","0","0","0","3","","","","","","80867023","6.12596","8.06477","3.5","0","5580","thing","Terraforming Mars: Turmoil Promos","1","5","120","120","120","2019","1,2,3,4","3","12+","Extensive use of text - massive conversion needed to be playable","","","","","","expansion","","","","","","","","","","","","","","",""
"Terraforming Mars: Vastitas Borealis – Big Board Edition","365384","0","0","0","1","0","0","0","0","0","0","0","3","","","","","","122737440","5.65126","8.09749","3","0","1231","thing","Terraforming Mars: Vastitas Borealis – Big Board Edition","1","5","0","0","0","2022","1,2,3,4,5","3,4","","","","","","","","expansion","","","","","","","","","","","","","","",""
"Terraforming Mars: Venus Next","231965","6","0","0","1","0","0","0","0","0","0","0","3","","","","","","69580229","7.09237","7.57364","2.8699","0","32542","thing","Terraforming Mars: Venus Next","1","5","120","120","90","2017","1,2,3,4,5","3,4","12+","Extensive use of text - massive conversion needed to be playable","","","","","","expansion","","","","","","","","","","","","","","",""
"Three Sisters","291845","6","0","0","1","0","0","0","0","0","0","0","3","","","","","","88878593","6.81815","7.51483","2.6357","742","10597","thing","Three Sisters","1","4","60","60","30","2022","1,2,3,4","2,3","10+","Moderate in-game text - needs crib sheet or paste ups","","","","","","standalone","","","","","","","","","","","","25th Century Games; Motor City Gameworks","English","2022","English edition"
"Ticket to Ride","9209","6","0","0","1","0","0","0","0","0","0","0","3","","","","","","80867056","7.26066","7.38514","1.8189","262","150096","thing","Ticket to Ride","2","5","60","60","30","2004","2,3,4,5","4","8+","No necessary in-game text","","","","","","standalone","","","","","","","","","","","","","","",""
"Ticket to Ride: Europe","14996","8","0","0","1","0","0","0","0","0","0","0","3","","","","","","62626390","7.39381","7.52312","1.9152","180","139120","thing","Ticket to Ride: Europe","2","5","60","60","30","2005","2,3,4,5","4","8+","No necessary in-game text","","","","","","standalone","","","","","","","","","","","","","","",""
"Ticket to Ride: Europe – 15th Anniversary","329841","0","0","0","0","0","0","0","0","1","0","0","3","","","","","","85252871","7.23621","8.17695","1.87","0","14864","thing","Ticket to Ride: Europe – 15th Anniversary","2","5","60","60","30","2021","2,3,4,5","4","8+","No necessary in-game text","","","","","","standalone","","","","","","2021-09-02","","","","","","Days of Wonder","English","2021","English edition"
"Twilight Struggle","12333","0","0","0","0","0","0","0","0","1","0","0","3","","","","","","62627556","8.03806","8.22737","3.6148","16","73831","thing","Twilight Struggle","2","2","180","180","120","2005","2","2","14+","Extensive use of text - massive conversion needed to be playable","","","","","","standalone","","","","","","","","","","","","","","",""
"Ultimate Werewolf: Deluxe Edition","152242","0","0","0","1","0","0","0","0","0","0","0","3","","","","","","62628196","6.12409","6.99225","1.5106","0","6964","thing","Ultimate Werewolf: Deluxe Edition","5","75","30","30","30","2014","7,8,9,10,11,12,13,14,15,16,17,18,19,20,21,22,23,24,25,26,27","11,12,13,14,15,16,17,18,19,20","10+","Some necessary text - easily memorized or small crib sheet","","","","","","standalone","","","","","","","","","","","","","","",""
"Ultra Tiny Epic Galaxies","285826","0","0","0","1","0","0","0","0","0","0","0","3","","","","","","62628518","6.15967","7.30136","2.1875","0","5495","thing","Ultra Tiny Epic Galaxies","1","5","45","45","30","2019","1,2,3,4","3","10+","Moderate in-game text - needs crib sheet or paste ups","","","","","","standalone","","","","","","","","","","","","","","",""
"Ultra Tiny Epic Kingdoms","286447","0","0","0","1","0","0","0","0","0","0","0","3","","","","","","94529439","5.63141","6.57433","2.1429","8105","2332","thing","Ultra Tiny Epic Kingdoms","1","5","45","45","30","2016","1,2,3,4,5","4","10+","Extensive use of text - massive conversion needed to be playable","","","","","","standalone","","","","","","","","","","","","","","",""
"UNO","2223","0","0","0","1","0","0","0","0","0","0","0","3","","","","","","106148466","5.35272","5.4822","1.0998","30818","74565","thing","UNO","2","10","30","30","30","1971","3,4,5,6,7,8","4,5,6","5+","No necessary in-game text","","","","","","standalone","","","","","","","","","","","","","","",""
"Vindication","262114","7","0","0","1","0","0","0","0","0","0","0","3","","","","","","80867095","7.20266","7.75788","3.1045","303","11869","thing","Vindication","2","5","150","150","45","2018","2,3,4,5","3,4","12+","Moderate in-game text - needs crib sheet or paste ups","","","","","","standalone","","","","","","","","","","","","","","",""
"Vindication: Community Promo Pack","279821","0","0","0","1","0","0","0","0","0","0","0","3","","","","","","80867113","5.70936","7.81958","3","0","2885","thing","Vindication: Community Promo Pack","2","5","150","150","45","2019","2,3,4,5","3,4","14+","","","","","","","expansion","","","","","","","","","","","","","","",""
"Vindication: Leaders & Alliances","268819","5","0","0","1","0","0","0","0","0","0","0","3","","","","","","80867101","5.98333","7.87174","3.25","0","5485","thing","Vindication: Leaders & Alliances","1","5","150","150","45","2019","1,2,3","1","12+","Extensive use of text - massive conversion needed to be playable","","","","","","expansion","","","","","","","","","","","","","","",""
"Vindication: Promo Pack","266766","0","0","0","1","0","0","0","0","0","0","0","3","","","","","","80867105","5.65663","7.88863","3","0","2122","thing","Vindication: Promo Pack","2","5","150","150","45","2018","","","","","","","","","","expansion","","","","","","","","","","","","","","",""
"Voyages","350736","6","0","0","1","0","0","0","0","0","0","0","3","","","","","","89519620","6.31812","7.37817","1.7846","1814","4806","thing","Voyages","1","100","30","30","20","2021","1,2,3,4,5,6,7,8","1,2,3","10+","No necessary in-game text","","","","","","standalone","","","","","","","","","","","","Postmark Games","Dutch; English; French; Italian; Japanese; Spanish","2021","English edition"
"Welcome to New Las Vegas","281075","0","0","0","0","0","0","0","1","0","0","0","3","","","","","","81099807","6.08152","6.69768","2.8214","2764","4489","thing","Welcome to New Las Vegas","1","50","35","35","35","2020","1,2,3,4,5,6,7,8","3,4","10+","No necessary in-game text","","","","","","standalone","","","","","","","","","","","","","","",""
"Welcome to the Moon","339789","9","0","0","1","0","0","0","0","0","0","0","3","","","","","","92632356","7.35051","7.84757","2.4521","213","20816","thing","Welcome to the Moon","1","6","30","30","25","2021","1,2,3,4,5,6","2,3,4","10+","No necessary in-game text","","","","","","standalone","","","","","","","","","","","","Blue Cocker Games","English","2021","English UK edition 2021"
"Welcome To...: Collector's Edition","392449","0","0","0","1","0","0","0","0","0","0","0","3","","","","","","115696166","6.41389","8.28865","2.0938","1549","3506","thing","Welcome To...: Collector's Edition","1","6","25","25","25","2023","1,2,3,4,5,6","2,3,4,5,6","10+","No necessary in-game text","","","","","","standalone","","","","","","","","","","","","","","",""
"Wild: Serengeti","335427","8","0","0","1","0","0","0","0","0","0","0","3","","","","","","92859353","6.1401","6.97676","2.5946","2486","5080","thing","Wild: Serengeti","1","4","120","120","45","2022","1,2,3","2","10+","Some necessary text - easily memorized or small crib sheet","","","","","","standalone","","","","","","2022-04-05","","","","","","Bad Comet","English","2022","English edition"
"Wingspan","266192","6","0","0","0","0","0","0","0","0","0","0","3","","","","","","90658841","7.84336","7.99679","2.4804","38","182840","thing","Wingspan","1","5","70","70","40","2019","1,2,3,4","3","10+","Extensive use of text - massive conversion needed to be playable","","","","","","standalone","","","","","","","","","","","","Stonemaier Games","English","2019","English edition"
